fecha_scrape,fecha_publicacion,empresa,titulo_puesto,categoria,ubicacion,modalidad,salario_min,salario_max,experiencia_requerida,stack_tecnologico,nivel_ingles,url_oferta
2026-07-01,2026-04-10,Smadex SLU,Machine Learning Engineer,IA,Barcelona,no especificado,,,,no especificado,no especificado,https://www.adzuna.es/details/5695856840?utm_medium=api&utm_source=4332c1fe
2026-07-01,2025-09-26,Bask Health,Machine Learning Engineer,IA,España,no especificado,25.0,60.0,,no especificado,no especificado,https://www.adzuna.es/details/5415710383?utm_medium=api&utm_source=4332c1fe
2026-07-01,2026-06-19,Smadex SLU,Machine Learning Intern,IA,Barcelona,no especificado,,,,no especificado,no especificado,https://www.adzuna.es/details/5769640085?utm_medium=api&utm_source=4332c1fe
2026-07-01,2026-06-21,Twilio,Machine Learning Engineer,IA,España,remoto,,,,no especificado,no especificado,https://www.adzuna.es/details/5771122804?utm_medium=api&utm_source=4332c1fe
2026-07-01,2025-11-18,Incode Technologies,Machine Learning Engineer,IA,España,no especificado,,,,no especificado,no especificado,https://www.adzuna.es/details/5502296321?utm_medium=api&utm_source=4332c1fe
2026-07-01,2026-06-18,Electronic Arts,Machine Learning Engineer,IA,"Madrid, Comunidad de Madrid",no especificado,,,,no especificado,no especificado,https://www.adzuna.es/details/5768359242?utm_medium=api&utm_source=4332c1fe
2026-07-01,2026-05-22,Avanade Inc.,Machine Learning Engineer,IA,Madrid,no especificado,,,,no especificado,no especificado,https://www.adzuna.es/details/5737300494?utm_medium=api&utm_source=4332c1fe
2026-07-01,2026-06-05,MailerLite,Machine Learning Engineer,IA,España,no especificado,55000.0,80000.0,,no especificado,no especificado,https://www.adzuna.es/details/5752869353?utm_medium=api&utm_source=4332c1fe
2026-07-01,2026-05-02,Happyrobot,Machine Learning Engineer,IA,España,no especificado,,,,no especificado,no especificado,https://www.adzuna.es/details/5716290951?utm_medium=api&utm_source=4332c1fe
2026-07-01,2026-06-18,DeepRec.ai,Machine Learning Engineer,IA,"Barcelona, Cataluña",no especificado,,,,no especificado,no especificado,https://www.adzuna.es/details/5768358096?utm_medium=api&utm_source=4332c1fe
2026-07-01,2026-05-05,BizAway,Senior Machine Learning Engineer,IA,España,no especificado,,,,no especificado,no especificado,https://www.adzuna.es/details/5719703144?utm_medium=api&utm_source=4332c1fe
2026-07-01,2026-03-10,Visium SA,Senior Machine Learning Engineer,IA,España,no especificado,,,,no especificado,nativo,https://www.adzuna.es/details/5660160155?utm_medium=api&utm_source=4332c1fe
2026-07-01,2026-05-14,BizAway,Machine Learning Software Engineer,IA,España,no especificado,,,,no especificado,no especificado,https://www.adzuna.es/details/5729532460?utm_medium=api&utm_source=4332c1fe
2026-07-01,2026-04-02,Visium SA,AI Machine Learning Engineer,IA,España,no especificado,,,,no especificado,no especificado,https://www.adzuna.es/details/5687607690?utm_medium=api&utm_source=4332c1fe
2026-07-01,2026-06-23,ARQUIMEA,Quantum Machine Learning Engineer,IA,"San Cristóbal de La Laguna, Santa Cruz de Tenerife",no especificado,,,,no especificado,no especificado,https://www.adzuna.es/details/5773895128?utm_medium=api&utm_source=4332c1fe
2026-07-01,2026-06-18,Dow Jones,Machine Learning Engineer (Personalization),IA,"Barcelona, Cataluña",no especificado,70000.0,90000.0,,"python, aws, azure, sql",no especificado,https://www.adzuna.es/details/5768357855?utm_medium=api&utm_source=4332c1fe
2026-07-01,2026-01-16,Dow Jones & Company,Senior Machine Learning Engineer,IA,España,no especificado,,,,no especificado,no especificado,https://www.adzuna.es/details/5588407679?utm_medium=api&utm_source=4332c1fe
2026-07-01,2026-05-08,Dow Jones & Company,"Machine Learning Engineer, Personalization",IA,España,no especificado,,,,no especificado,no especificado,https://www.adzuna.es/details/5722201352?utm_medium=api&utm_source=4332c1fe
2026-07-01,2026-05-08,BizAway,Senior Machine Learning Engineer,IA,España,no especificado,,,,no especificado,no especificado,https://www.adzuna.es/details/5722203711?utm_medium=api&utm_source=4332c1fe
2026-07-01,2026-06-04,HS International,Sr. Machine Learning Engineer,IA,España,no especificado,,,,no especificado,no especificado,https://www.adzuna.es/details/5751250570?utm_medium=api&utm_source=4332c1fe
2026-07-01,2026-06-22,Merantix,Machine Learning Engineering Manager,IA,"Amer, Girona",no especificado,70000.0,90000.0,,no especificado,nativo,https://www.adzuna.es/details/5772546581?utm_medium=api&utm_source=4332c1fe
2026-07-01,2026-06-28,Expedia,Machine Learning Engineer III,IA,España,no especificado,78.0,55500.0,,no especificado,b2,https://www.adzuna.es/details/5779533397?utm_medium=api&utm_source=4332c1fe
2026-07-01,2026-06-02,Roche,Senior Machine Learning Engineer,IA,España,no especificado,,,,no especificado,no especificado,https://www.adzuna.es/details/5748822037?utm_medium=api&utm_source=4332c1fe
2026-07-01,2026-06-08,Roche,Senior Machine Learning Engineer,IA,"Sant Cugat del Vallès, Barcelona",no especificado,,,,no especificado,no especificado,https://www.adzuna.es/details/5755773072?utm_medium=api&utm_source=4332c1fe
2026-07-01,2025-07-18,Fever,Senior Machine Learning Engineer,IA,España,no especificado,,,,no especificado,no especificado,https://www.adzuna.es/details/5309086839?utm_medium=api&utm_source=4332c1fe
2026-07-01,2026-06-10,Advancing People Ltd,Founding Machine Learning Engineer - Barcelona,IA,Barcelona,no especificado,,,,no especificado,requerido,https://www.adzuna.es/details/5757769013?utm_medium=api&utm_source=4332c1fe
2026-07-01,2025-11-13,SmartAssets,AI Engineer / Machine Learning Engineer,IA,España,no especificado,,,,no especificado,no especificado,https://www.adzuna.es/details/5493965976?utm_medium=api&utm_source=4332c1fe
2026-07-01,2026-06-17,IFS,Senior/Lead Machine Learning Engineer,IA,Madrid,no especificado,,,,no especificado,no especificado,https://www.adzuna.es/details/5766112402?utm_medium=api&utm_source=4332c1fe
2026-07-01,2026-04-01,Visium SA,Senior AI Machine Learning Engineer,IA,España,no especificado,,,,no especificado,no especificado,https://www.adzuna.es/details/5684547588?utm_medium=api&utm_source=4332c1fe
2026-07-01,2026-05-17,Amazon,"Machine Learning Engineer, Amazon Tablets",IA,Madrid,no especificado,,,,no especificado,no especificado,https://www.adzuna.es/details/5732159744?utm_medium=api&utm_source=4332c1fe
2026-07-01,2026-07-01,PrimeIT España,Data Scientist - Remoto,IA,"Vitoria-Gasteiz, Álava",no especificado,,,,no especificado,no especificado,https://www.adzuna.es/land/ad/5782806375?se=ssYkcyd18RGGC5IHUVozVQ&utm_medium=api&utm_source=4332c1fe&v=8D1A95EAC6D2EC8F1E32577DB4A7DEF279CF6A75
2026-07-01,2026-07-01,PrimeIT España,Data Scientist - Remoto,IA,Valencia,no especificado,,,,no especificado,no especificado,https://www.adzuna.es/land/ad/5782806413?se=ssYkcyd18RGGC5IHUVozVQ&utm_medium=api&utm_source=4332c1fe&v=AB447530402AB5CD9939538D2952F4E49B05EE34
2026-07-01,2026-07-01,PrimeIT España,Data Scientist - Remoto,IA,España,no especificado,,,,no especificado,no especificado,https://www.adzuna.es/land/ad/5782806362?se=ssYkcyd18RGGC5IHUVozVQ&utm_medium=api&utm_source=4332c1fe&v=1EEE0C3C0B86555215B55C7AAAF52E20452C5EE5
2026-07-01,2026-06-25,BizAway,Data Scientist,IA,España,no especificado,,,,no especificado,no especificado,https://www.adzuna.es/details/5776644592?utm_medium=api&utm_source=4332c1fe
2026-07-01,2026-06-29,Asenium,Data Scientist,IA,"Mos, Pontevedra",no especificado,,,,"docker, kubernetes",no especificado,https://www.adzuna.es/details/5781409301?utm_medium=api&utm_source=4332c1fe
2026-07-01,2025-03-31,Softeca,Data Scientist,IA,España,no especificado,,,,no especificado,no especificado,https://www.adzuna.es/details/5119719883?utm_medium=api&utm_source=4332c1fe
2026-07-01,2026-06-08,CapsLock,Data Scientist,IA,Madrid,no especificado,,,,no especificado,no especificado,https://www.adzuna.es/details/5756549806?utm_medium=api&utm_source=4332c1fe
2026-07-01,2026-06-06,CapsLock,Data Scientist,IA,España,no especificado,,,,no especificado,no especificado,https://www.adzuna.es/details/5753770894?utm_medium=api&utm_source=4332c1fe
2026-07-01,2026-05-11,Abound,Data Scientist,IA,Madrid,no especificado,,,,no especificado,no especificado,https://www.adzuna.es/details/5725426005?utm_medium=api&utm_source=4332c1fe
2026-07-01,2025-11-05,Veepee,Data Scientist,IA,Barcelona,no especificado,,,,no especificado,no especificado,https://www.adzuna.es/details/5482275736?utm_medium=api&utm_source=4332c1fe
2026-07-01,2026-06-29,Mática Partners,Data Scientist,IA,"Chantada, Lugo",no especificado,,,,no especificado,no especificado,https://www.adzuna.es/details/5781409629?utm_medium=api&utm_source=4332c1fe
2026-07-01,2026-06-30,Mática Partners,Data Scientist,IA,Valladolid,no especificado,,,,no especificado,no especificado,https://www.adzuna.es/details/5782442429?utm_medium=api&utm_source=4332c1fe
2026-07-01,2026-06-30,Mática Partners,Data Scientist,IA,Málaga,no especificado,,,,no especificado,no especificado,https://www.adzuna.es/details/5782442452?utm_medium=api&utm_source=4332c1fe
2026-07-01,2026-06-30,Mática Partners,Data Scientist,IA,Valencia,no especificado,,,,no especificado,no especificado,https://www.adzuna.es/details/5782442433?utm_medium=api&utm_source=4332c1fe
2026-07-01,2026-06-18,Novicap,Data Scientist,IA,"Barcelona, Cataluña",no especificado,,,,no especificado,no especificado,https://www.adzuna.es/details/5768358799?utm_medium=api&utm_source=4332c1fe
2026-07-01,2026-05-02,Vizzuality,Data Scientist,IA,España,no especificado,20.0,25.0,,no especificado,no especificado,https://www.adzuna.es/details/5716296352?utm_medium=api&utm_source=4332c1fe
2026-07-01,2026-06-12,Ebury,Data Scientist,IA,Madrid,no especificado,,,,no especificado,no especificado,https://www.adzuna.es/details/5760555169?utm_medium=api&utm_source=4332c1fe
2026-07-01,2026-06-03,Aristocrat Technologies,Data Scientist,IA,España,no especificado,,,,no especificado,no especificado,https://www.adzuna.es/details/5749770341?utm_medium=api&utm_source=4332c1fe
2026-07-01,2026-04-27,gategroup,Data Scientist,IA,España,no especificado,,,,no especificado,no especificado,https://www.adzuna.es/details/5711226275?utm_medium=api&utm_source=4332c1fe
2026-07-01,2026-06-04,Leroy Merlin España,Data Scientist,IA,"Alcobendas, Madrid",no especificado,,,,no especificado,no especificado,https://www.adzuna.es/details/5752244166?utm_medium=api&utm_source=4332c1fe
2026-07-01,2026-06-11,NielsenIQ,Senior Data Scientist,IA,Barcelona,no especificado,,,,no especificado,no especificado,https://www.adzuna.es/details/5759216168?utm_medium=api&utm_source=4332c1fe
2026-07-01,2026-06-18,Smadex SLU,Growth Data Scientist,IA,Barcelona,no especificado,,,,no especificado,no especificado,https://www.adzuna.es/details/5768404779?utm_medium=api&utm_source=4332c1fe
2026-07-01,2026-06-08,Refinery89,Data Scientist (Medior),IA,Madrid,no especificado,,,,no especificado,no especificado,https://www.adzuna.es/details/5756150264?utm_medium=api&utm_source=4332c1fe
2026-07-01,2026-07-01,Allianz,Senior Data Scientist,IA,Madrid,no especificado,,,,no especificado,no especificado,https://www.adzuna.es/details/5782869406?utm_medium=api&utm_source=4332c1fe
2026-07-01,2026-05-30,Aristocrat Technologies,Growth Data Scientist,IA,España,no especificado,,,,no especificado,no especificado,https://www.adzuna.es/details/5745004321?utm_medium=api&utm_source=4332c1fe
2026-07-01,2026-05-24,Sanofi Group,RWE Data Scientist,IA,Barcelona,no especificado,,,,no especificado,no especificado,https://www.adzuna.es/details/5739472095?utm_medium=api&utm_source=4332c1fe
2026-07-01,2026-06-27,Jobgether,Data Scientist - Extensions,IA,España,no especificado,,,,no especificado,no especificado,https://www.adzuna.es/details/5778324753?utm_medium=api&utm_source=4332c1fe
2026-07-01,2026-04-09,BBVA,Data Scientist Manager,IA,"Alcobendas, Madrid",no especificado,,,,no especificado,no especificado,https://www.adzuna.es/details/5694157604?utm_medium=api&utm_source=4332c1fe
2026-07-01,2025-11-05,Heetch,Staff Data Scientist,IA,Barcelona,no especificado,,,,no especificado,no especificado,https://www.adzuna.es/details/5482275170?utm_medium=api&utm_source=4332c1fe
2026-07-01,2025-01-24,Appodeal,Lead Data Scientist,IA,España,remoto,,,,no especificado,no especificado,https://www.adzuna.es/details/5022556861?utm_medium=api&utm_source=4332c1fe
2026-07-01,2026-05-23,NTT DATA Europe & Latam,Python AI Engineer,IA,España,no especificado,,,,no especificado,no especificado,https://www.adzuna.es/land/ad/5738960588?se=CFg-dyd18RG6PYsfZdtqSg&utm_medium=api&utm_source=4332c1fe&v=03E67C7A872184078A9FFE7313739E19915A7FA8
2026-07-01,2026-05-08,Ayesa Digital,Senior AI Engineer,IA,"Vitoria-Gasteiz, Álava",no especificado,,,,no especificado,no especificado,https://www.adzuna.es/land/ad/5722978133?se=CFg-dyd18RG6PYsfZdtqSg&utm_medium=api&utm_source=4332c1fe&v=A577457E67AB96214241FCBD0C8D2FACD2C64E4A
2026-07-01,2026-05-08,Ayesa Digital,Senior AI Engineer,IA,España,no especificado,,,,no especificado,no especificado,https://www.adzuna.es/land/ad/5723187669?se=CFg-dyd18RG6PYsfZdtqSg&utm_medium=api&utm_source=4332c1fe&v=85484D3223651884CEC95DDD7B03E8C773118D13
2026-07-01,2026-05-22,Paradigma Digital,Senior AI Engineer,IA,España,no especificado,,,,no especificado,no especificado,https://www.adzuna.es/land/ad/5737805100?se=CFg-dyd18RG6PYsfZdtqSg&utm_medium=api&utm_source=4332c1fe&v=5FD7D7EC59285A605F45D0F379687F27A69AD138
2026-07-01,2026-05-08,Ayesa Digital,Senior AI Engineer,IA,Valencia,no especificado,,,,no especificado,no especificado,https://www.adzuna.es/land/ad/5722978144?se=CFg-dyd18RG6PYsfZdtqSg&utm_medium=api&utm_source=4332c1fe&v=65A3E570304F5A75F9F97C5AA78E6CB294E1AACE
2026-07-01,2026-06-24,Exceltic,Computer Vision & AI Engineer,IA,España,no especificado,,,,no especificado,no especificado,https://www.adzuna.es/land/ad/5775098467?se=CFg-dyd18RG6PYsfZdtqSg&utm_medium=api&utm_source=4332c1fe&v=5756F9DABE01FDD60E76B536ABE0D6EEF2309B17
2026-07-01,2026-06-24,Unit4,AI Engineer,IA,Granada,no especificado,,,,azure,no especificado,https://www.adzuna.es/details/5774159630?utm_medium=api&utm_source=4332c1fe
2026-07-01,2026-05-15,Huzzle,AI Engineer,IA,España,no especificado,,,,no especificado,no especificado,https://www.adzuna.es/details/5730249563?utm_medium=api&utm_source=4332c1fe
2026-07-01,2026-01-22,Darwin AI,AI Engineer,IA,España,no especificado,,,,no especificado,no especificado,https://www.adzuna.es/details/5594852023?utm_medium=api&utm_source=4332c1fe
2026-07-01,2026-06-18,Confidential Careers,AI Engineer / Automation Builder.,IA,España,no especificado,,,,azure,no especificado,https://www.adzuna.es/land/ad/5768339813?se=CFg-dyd18RG6PYsfZdtqSg&utm_medium=api&utm_source=4332c1fe&v=1D4DC5823C5E7D0E74E8ABE666249CE73CE363E4
2026-07-01,2025-06-27,,AI Engineer,IA,España,no especificado,,,,no especificado,no especificado,https://www.adzuna.es/details/5271829341?utm_medium=api&utm_source=4332c1fe
2026-07-01,2026-06-18,Sanofi Group,AI Engineer,IA,Barcelona,no especificado,,,,no especificado,no especificado,https://www.adzuna.es/details/5767607086?utm_medium=api&utm_source=4332c1fe
2026-07-01,2026-02-27,Abacum,AI Engineer,IA,Barcelona,no especificado,,,,no especificado,no especificado,https://www.adzuna.es/details/5647721202?utm_medium=api&utm_source=4332c1fe
2026-07-01,2026-06-07,Labhouse,AI Engineer,IA,Barcelona,no especificado,,,,no especificado,no especificado,https://www.adzuna.es/details/5754885769?utm_medium=api&utm_source=4332c1fe
2026-07-01,2026-06-10,M47,AI Engineer,IA,Barcelona,no especificado,,,,spark,no especificado,https://www.adzuna.es/details/5758849739?utm_medium=api&utm_source=4332c1fe
2026-07-01,2026-07-01,IQVIA,AI Engineer,IA,Madrid,no especificado,,,,no especificado,no especificado,https://www.adzuna.es/details/5782913040?utm_medium=api&utm_source=4332c1fe
2026-07-01,2026-06-08,Unit4,AI Engineer,IA,Granada,no especificado,,,,no especificado,no especificado,https://www.adzuna.es/details/5756549649?utm_medium=api&utm_source=4332c1fe
2026-07-01,2025-07-09,,AI Engineer,IA,España,no especificado,,,,no especificado,no especificado,https://www.adzuna.es/details/5292652228?utm_medium=api&utm_source=4332c1fe
2026-07-01,2026-05-06,Orbitant,AI Engineer,IA,Madrid,remoto,40000.0,60000.0,,no especificado,no especificado,https://www.adzuna.es/details/5720612935?utm_medium=api&utm_source=4332c1fe
2026-07-01,2025-11-10,Napptilus Tech Labs,AI Engineer,IA,Barcelona,no especificado,,,,no especificado,no especificado,https://www.adzuna.es/details/5489747935?utm_medium=api&utm_source=4332c1fe
2026-07-01,2024-12-05,SlashMobility,AI Engineer,IA,"Madrid, Comunidad de Madrid",no especificado,,,,no especificado,no especificado,https://www.adzuna.es/details/4964203867?utm_medium=api&utm_source=4332c1fe
2026-07-01,2026-06-29,Mática Partners,Ai Engineer,IA,Ávila,no especificado,,,,no especificado,no especificado,https://www.adzuna.es/details/5781414528?utm_medium=api&utm_source=4332c1fe
2026-07-01,2026-06-29,Mática Partners,Ai Engineer,IA,Barcelona,no especificado,,,,no especificado,no especificado,https://www.adzuna.es/details/5781410003?utm_medium=api&utm_source=4332c1fe
2026-07-01,2026-06-29,Mática Partners,Ai Engineer,IA,Madrid,no especificado,,,,no especificado,no especificado,https://www.adzuna.es/details/5781411650?utm_medium=api&utm_source=4332c1fe
2026-07-01,2026-06-29,Mática Partners,Ai Engineer,IA,Barcelona,no especificado,,,,no especificado,no especificado,https://www.adzuna.es/details/5781414521?utm_medium=api&utm_source=4332c1fe
2026-07-01,2026-06-29,Mática Partners,Ai Engineer,IA,"Vitoria-Gasteiz, Álava",no especificado,,,,no especificado,no especificado,https://www.adzuna.es/details/5781414523?utm_medium=api&utm_source=4332c1fe
2026-07-01,2026-06-30,Mática Partners,Ai Engineer,IA,"Chantada, Lugo",no especificado,,,,no especificado,no especificado,https://www.adzuna.es/details/5782442736?utm_medium=api&utm_source=4332c1fe
2026-07-01,2026-06-30,Mática Partners,Ai Engineer,IA,Valencia,no especificado,,,,no especificado,no especificado,https://www.adzuna.es/details/5782442734?utm_medium=api&utm_source=4332c1fe
2026-07-01,2026-06-30,Mática Partners,Ai Engineer,IA,Madrid,no especificado,,,,no especificado,no especificado,https://www.adzuna.es/details/5782441740?utm_medium=api&utm_source=4332c1fe
2026-07-01,2026-06-30,Mática Partners,Ai Engineer,IA,España,no especificado,,,,no especificado,no especificado,https://www.adzuna.es/details/5782440690?utm_medium=api&utm_source=4332c1fe
2026-07-01,2026-07-01,Randstad Digital España,Artificial Intelligence Consultant,IA,España,no especificado,,,,no especificado,no especificado,https://www.adzuna.es/land/ad/5782806700?se=TiJweyd18RGGC5IHUVozVQ&utm_medium=api&utm_source=4332c1fe&v=AB251BB657D4E9D7A58277F9828D58C3EEE5A139
2026-07-01,2026-06-24,Avanade,Artificial Intelligence Solutions Architect,IA,"Vitoria-Gasteiz, Álava",no especificado,,,,no especificado,no especificado,https://www.adzuna.es/land/ad/5775095308?se=TiJweyd18RGGC5IHUVozVQ&utm_medium=api&utm_source=4332c1fe&v=3FE5BDC5527CA88B99122A9AAF48870B6E177039
2026-07-01,2026-06-24,Avanade,Artificial Intelligence Solutions Architect,IA,Valencia,no especificado,,,,no especificado,no especificado,https://www.adzuna.es/land/ad/5775097179?se=TiJweyd18RGGC5IHUVozVQ&utm_medium=api&utm_source=4332c1fe&v=0190907AAEEA4C69C39913D29D2B3128D3E89434
2026-07-01,2026-06-24,Avanade,Artificial Intelligence Solutions Architect,IA,Madrid,no especificado,,,,no especificado,no especificado,https://www.adzuna.es/land/ad/5775095170?se=TiJweyd18RGGC5IHUVozVQ&utm_medium=api&utm_source=4332c1fe&v=F257805F9482E79AB636088A3E297313DC4C453B
2026-07-01,2026-06-24,Avanade,Artificial Intelligence Solutions Architect,IA,España,no especificado,,,,no especificado,no especificado,https://www.adzuna.es/land/ad/5775422790?se=TiJweyd18RGGC5IHUVozVQ&utm_medium=api&utm_source=4332c1fe&v=192A350F196F93F8F118E4E9477B00BBD9CFEE58
2026-07-01,2026-06-19,GTD,(Hybrid) Internship: Artificial Intelligence Engineer,IA,España,no especificado,,,,no especificado,no especificado,https://www.adzuna.es/land/ad/5769640750?se=TiJweyd18RGGC5IHUVozVQ&utm_medium=api&utm_source=4332c1fe&v=0EE3317BF79C0211C616230EE06A0DE08837C79F
2026-07-01,2026-06-29,Stephen Rhodes - Alexander Rhodes Associates Ltd,Artificial Intelligence Consultant,IA,"Mos, Pontevedra",hibrido,,,,no especificado,no especificado,https://www.adzuna.es/details/5781414090?utm_medium=api&utm_source=4332c1fe
2026-07-01,2026-06-29,Stephen Rhodes - Alexander Rhodes Associates Ltd,Artificial Intelligence Consultant,IA,Barcelona,hibrido,,,,no especificado,no especificado,https://www.adzuna.es/details/5781413417?utm_medium=api&utm_source=4332c1fe
2026-07-01,2026-06-29,Stephen Rhodes - Alexander Rhodes Associates Ltd,Artificial Intelligence Consultant,IA,"Vitoria-Gasteiz, Álava",hibrido,,,,no especificado,no especificado,https://www.adzuna.es/details/5781413518?utm_medium=api&utm_source=4332c1fe
2026-07-01,2026-06-29,Stephen Rhodes - Alexander Rhodes Associates Ltd,Artificial Intelligence Consultant,IA,Valencia,hibrido,,,,no especificado,no especificado,https://www.adzuna.es/details/5781413500?utm_medium=api&utm_source=4332c1fe
2026-07-01,2026-06-29,Stephen Rhodes - Alexander Rhodes Associates Ltd,Artificial Intelligence Consultant,IA,"Arbo, Pontevedra",hibrido,,,,no especificado,no especificado,https://www.adzuna.es/details/5781414403?utm_medium=api&utm_source=4332c1fe
2026-07-01,2026-06-29,Stephen Rhodes - Alexander Rhodes Associates Ltd,Artificial Intelligence Consultant,IA,Zaragoza,hibrido,,,,no especificado,no especificado,https://www.adzuna.es/details/5781412729?utm_medium=api&utm_source=4332c1fe
2026-07-01,2026-06-29,Stephen Rhodes - Alexander Rhodes Associates Ltd,Artificial Intelligence Consultant,IA,"Mos, Pontevedra",hibrido,,,,no especificado,no especificado,https://www.adzuna.es/details/5781411497?utm_medium=api&utm_source=4332c1fe
2026-07-01,2026-06-29,Stephen Rhodes - Alexander Rhodes Associates Ltd,Artificial Intelligence Consultant,IA,España,hibrido,,,,no especificado,no especificado,https://www.adzuna.es/details/5781411068?utm_medium=api&utm_source=4332c1fe
2026-07-01,2026-06-29,Stephen Rhodes - Alexander Rhodes Associates Ltd,Artificial Intelligence Consultant,IA,Málaga,hibrido,,,,no especificado,no especificado,https://www.adzuna.es/details/5781409175?utm_medium=api&utm_source=4332c1fe
2026-07-01,2025-07-09,,Artificial Intelligence Engineer,IA,España,no especificado,,,,no especificado,no especificado,https://www.adzuna.es/details/5292652229?utm_medium=api&utm_source=4332c1fe
2026-07-01,2025-07-25,Paradigma Digital,Artificial Intelligence Engineer,IA,"Pozuelo de Alarcón, Madrid",no especificado,,,,no especificado,no especificado,https://www.adzuna.es/details/5320732481?utm_medium=api&utm_source=4332c1fe
2026-07-01,2025-12-05,ESADE Faculty Positions,Artificial Intelligence (Research-Track),IA,"Sant Cugat del Vallès, Barcelona",no especificado,,,,no especificado,no especificado,https://www.adzuna.es/details/5529360241?utm_medium=api&utm_source=4332c1fe
2026-07-01,2025-12-05,ESADE Faculty Positions,Artificial Intelligence (Practitioner-Track),IA,"Sant Cugat del Vallès, Barcelona",no especificado,,,,no especificado,no especificado,https://www.adzuna.es/details/5529360509?utm_medium=api&utm_source=4332c1fe
2026-07-01,2026-06-18,EPAM Systems,Enterprise Artificial Intelligence Architect,IA,"Barcelona, Cataluña",remoto,70000.0,100000.0,,"aws, azure",no especificado,https://www.adzuna.es/details/5768352724?utm_medium=api&utm_source=4332c1fe
2026-07-01,2026-04-27,dLocal,"Artificial Intelligence, Technical Referent",IA,Barcelona,no especificado,,,,no especificado,no especificado,https://www.adzuna.es/details/5711960077?utm_medium=api&utm_source=4332c1fe
2026-07-01,2026-05-15,Avanade Inc.,Artificial Intelligence Solutions Architect,IA,Madrid,no especificado,,,,no especificado,no especificado,https://www.adzuna.es/details/5730063320?utm_medium=api&utm_source=4332c1fe
2026-07-01,2026-05-15,AVANADE SPAINU Company,Artificial Intelligence Solutions Architect,IA,España,no especificado,,,,no especificado,no especificado,https://www.adzuna.es/details/5729810873?utm_medium=api&utm_source=4332c1fe
2026-07-01,2024-11-24,"Kapres Technology, S.L.",Artificial Intelligence/Machine Learning Engineer,IA,Madrid,no especificado,,,,no especificado,no especificado,https://www.adzuna.es/details/4949297510?utm_medium=api&utm_source=4332c1fe
2026-07-01,2025-09-26,Avanade,Senior Artificial Intelligence - AI Engineer,IA,"Alicante, Comunidad Valenciana",no especificado,,,,python,no especificado,https://www.adzuna.es/details/5414837269?utm_medium=api&utm_source=4332c1fe
2026-07-01,2026-06-29,GRADIANT,Machine Learning/Artificial Intelligence Engineer Senior,IA,"Vigo, Pontevedra",no especificado,,,,no especificado,no especificado,https://www.adzuna.es/details/5781089872?utm_medium=api&utm_source=4332c1fe
2026-07-01,2025-10-22,PricewaterhouseCoopers,Consultoría | NJFY27 Junior Artificial Intelligence & Analytics | Septiembre 2026,IA,España,no especificado,,,,no especificado,no especificado,https://www.adzuna.es/details/5459629686?utm_medium=api&utm_source=4332c1fe
2026-07-01,2026-05-07,Airbus,Discover II 2026-2027 INTERNSHIP Artificial Intelligence for Composite Structural Sizing Process,IA,"Getafe, Madrid",no especificado,,,,no especificado,no especificado,https://www.adzuna.es/details/5720944498?utm_medium=api&utm_source=4332c1fe
2026-07-01,2026-07-01,Dormont Manufacturing Co,"Director, Audit Intelligence Enablement",IA,"Barcelona, Cataluña",hibrido,80000.0,110000.0,,no especificado,no especificado,https://www.adzuna.es/details/5782847867?utm_medium=api&utm_source=4332c1fe
2026-07-01,2025-03-18,Sigma Group,Bulgarian Linguistic Projects (Madrid),IA,"Alcobendas, Madrid",no especificado,,,,no especificado,nativo,https://www.adzuna.es/details/5098880916?utm_medium=api&utm_source=4332c1fe
2026-07-01,2026-04-18,Air Apps,Frontend Web Developer,WEB,España,no especificado,47000.0,58000.0,,no especificado,no especificado,https://www.adzuna.es/details/5703007073?utm_medium=api&utm_source=4332c1fe
2026-07-01,2026-04-09,Quoviz Consulting,Full Stack Web Developer,WEB,España,no especificado,,,,no especificado,no especificado,https://www.adzuna.es/details/5693820591?utm_medium=api&utm_source=4332c1fe
2026-07-01,2026-06-11,Labhouse,AI-Powered Web Developer,WEB,Barcelona,no especificado,,,,no especificado,no especificado,https://www.adzuna.es/details/5759180886?utm_medium=api&utm_source=4332c1fe
2026-07-01,2024-07-30,Persei vivarium,Web developer / SCRUM Master,WEB,Madrid,no especificado,,,,javascript,no especificado,https://www.adzuna.es/details/4800598406?utm_medium=api&utm_source=4332c1fe
2026-07-01,2026-06-06,Airbus,BECA AHE - Web developer,WEB,Albacete,no especificado,,,,no especificado,no especificado,https://www.adzuna.es/details/5753698510?utm_medium=api&utm_source=4332c1fe
2026-07-01,2026-04-11,Grupo Espiral,Full Stack Web Developer – Prodity,WEB,"Gijón, Asturias",no especificado,,,,no especificado,no especificado,https://www.adzuna.es/details/5696361959?utm_medium=api&utm_source=4332c1fe
2026-07-01,2026-04-08,Quoviz Consulting,Frontend Web Developer - WordPress Specialist (Contract),WEB,España,no especificado,,,,no especificado,no especificado,https://www.adzuna.es/details/5693811025?utm_medium=api&utm_source=4332c1fe
2026-07-01,2025-07-05,UDG Ludwigsburg,Advanced / Senior Frontend Web Developer (all genders),WEB,España,no especificado,,,,no especificado,b2,https://www.adzuna.es/details/5287629716?utm_medium=api&utm_source=4332c1fe
2026-07-01,2025-12-12,NETT Digital School,Beca Desarrollador Web - Full Stack Web Developer,WEB,Barcelona,no especificado,,,,no especificado,no especificado,https://www.adzuna.es/details/5539670389?utm_medium=api&utm_source=4332c1fe
2026-07-01,2026-06-28,NETT Digital School,Beca Desarrollador Web - Full Stack Web Developer,WEB,España,no especificado,,,,no especificado,no especificado,https://www.adzuna.es/details/5780180952?utm_medium=api&utm_source=4332c1fe
2026-07-01,2026-06-01,Airbus,CORE DIGITAL CAMPUS - Web Developer - CRM Product Service Line (m/f),WEB,Albacete,no especificado,,,,no especificado,no especificado,https://www.adzuna.es/details/5746776282?utm_medium=api&utm_source=4332c1fe
2026-07-01,2026-06-12,Pasiona,Full Stack Web Developer (Backend Focus) – Multi-cloud GenAI Platform / Secure GPT,WEB,Barcelona,no especificado,,,,"azure, aws",no especificado,https://www.adzuna.es/details/5760554340?utm_medium=api&utm_source=4332c1fe
2026-07-01,2026-04-04,eXperience IT Solutions,WordPress Developer (JavaScript & Web Components),WEB,España,no especificado,,,,javascript,no especificado,https://www.adzuna.es/details/5689513945?utm_medium=api&utm_source=4332c1fe
2026-07-01,2026-06-30,Opt Media,Software Developer / Engineer - Php. Front End & Back End Web Development,WEB,Barcelona,no especificado,,,,no especificado,no especificado,https://www.adzuna.es/details/5782444116?utm_medium=api&utm_source=4332c1fe
2026-07-01,2026-04-18,eXperience IT Solutions,Desarrollador/a OutSystems 11  Java,WEB,España,no especificado,,,,no especificado,no especificado,https://www.adzuna.es/details/5703304418?utm_medium=api&utm_source=4332c1fe
2026-07-01,2026-05-09,Homs Rentals,Desarrollador/a web para Woocommerce,WEB,"Cabrera de Mar, Barcelona",no especificado,,,,no especificado,no especificado,https://www.adzuna.es/details/5723859227?utm_medium=api&utm_source=4332c1fe
2026-07-01,2026-06-25,JetBrains,Head of Web Ecosystem,WEB,"Madrid, Comunidad de Madrid",no especificado,80000.0,120000.0,,"javascript, typescript",no especificado,https://www.adzuna.es/details/5776242797?utm_medium=api&utm_source=4332c1fe
2026-07-01,2026-04-09,Growmodo GmbH,Senior Motion Graphics Designer / AI Specialist (Full-Time / On-Call),WEB,España,no especificado,,,,no especificado,no especificado,https://www.adzuna.es/details/5694157586?utm_medium=api&utm_source=4332c1fe
2026-07-01,2026-04-13,WebBeds,Front-end Developer,WEB,España,no especificado,,,,no especificado,no especificado,https://www.adzuna.es/details/5697925208?utm_medium=api&utm_source=4332c1fe
2026-07-01,2026-05-16,IQVIA,Software Development Engineer - Cronos,WEB,España,no especificado,,,,no especificado,no especificado,https://www.adzuna.es/details/5730832033?utm_medium=api&utm_source=4332c1fe
2026-07-01,2026-06-19,TechBiz Global GmbH,"UI/UX Designer(Remote, Contractor)",WEB,España,no especificado,,,,no especificado,no especificado,https://www.adzuna.es/details/5769067179?utm_medium=api&utm_source=4332c1fe
2026-07-01,2026-05-15,IQVIA,Software Development Engineer - Cronos,WEB,Madrid,no especificado,,,,no especificado,no especificado,https://www.adzuna.es/details/5730063525?utm_medium=api&utm_source=4332c1fe
2026-07-01,2026-06-18,Talentgrator,Senior NodeJS Developer,WEB,España,no especificado,,,,typescript,no especificado,https://www.adzuna.es/details/5768047499?utm_medium=api&utm_source=4332c1fe
2026-07-01,2026-06-24,SGS,".NET Developer (VB.NET, WebForms, SQL Server, Azure)",WEB,Madrid,no especificado,,,,no especificado,no especificado,https://www.adzuna.es/details/5774159621?utm_medium=api&utm_source=4332c1fe
2026-07-01,2026-03-30,Resourceful Talent Group,Full Stack Engineer (Fintech),WEB,España,no especificado,,,,"react, react",no especificado,https://www.adzuna.es/details/5682614460?utm_medium=api&utm_source=4332c1fe
2026-07-01,2026-03-27,"Amazon Data Services Spain, S.L.","Senior Finance Analyst, Data Centre Finance - EMEA",WEB,Zaragoza,no especificado,,,,aws,no especificado,https://www.adzuna.es/details/5680043141?utm_medium=api&utm_source=4332c1fe
2026-07-01,2025-08-21,STANDBY.es,Java Fullstack Developer,WEB,Málaga,no especificado,,,,no especificado,no especificado,https://www.adzuna.es/details/5361895084?utm_medium=api&utm_source=4332c1fe
2026-07-01,2026-06-01,Sézane,Sales Assistant - Full Time (40H) - Madrid (M/F),WEB,España,no especificado,,,,no especificado,no especificado,https://www.adzuna.es/details/5747730622?utm_medium=api&utm_source=4332c1fe
2026-07-01,2026-06-30,Health,Backend Developer (Digital Health),WEB,Barcelona,no especificado,,,,no especificado,no especificado,https://www.adzuna.es/details/5782444239?utm_medium=api&utm_source=4332c1fe
2026-07-01,2025-07-01,Hostaway,Staff Mobile Engineer React Native - 100% Remote - Europe,WEB,Barcelona,remoto,,,,no especificado,no especificado,https://www.adzuna.es/details/5278395720?utm_medium=api&utm_source=4332c1fe
2026-07-01,2026-06-25,Statkraft,Full Stack Developer,WEB,Madrid,no especificado,,,,no especificado,requerido,https://www.adzuna.es/details/5775509121?utm_medium=api&utm_source=4332c1fe
2026-07-01,2026-05-11,Calconut,FULL-STACK DEVELOPER,WEB,"Mutxamel, Alicante",no especificado,,,,no especificado,no especificado,https://www.adzuna.es/details/5725596087?utm_medium=api&utm_source=4332c1fe
2026-07-01,2026-05-29,Campmany AbogadosP,Full Stack Developer,WEB,España,no especificado,,,,no especificado,no especificado,https://www.adzuna.es/details/5743996318?utm_medium=api&utm_source=4332c1fe
2026-07-01,2026-03-30,ERREKA,FULL STACK DEVELOPER,WEB,España,no especificado,,,,no especificado,no especificado,https://www.adzuna.es/details/5682614466?utm_medium=api&utm_source=4332c1fe
2026-07-01,2025-08-23,Yuvod,Full Stack Developer,WEB,Valencia,no especificado,,,,no especificado,no especificado,https://www.adzuna.es/details/5365283424?utm_medium=api&utm_source=4332c1fe
2026-07-01,2026-02-12,Satellogic,Full-Stack Developer,WEB,Barcelona,no especificado,,,,no especificado,no especificado,https://www.adzuna.es/details/5626700846?utm_medium=api&utm_source=4332c1fe
2026-07-01,2025-07-09,CGI,Full Stack Developer,WEB,Barcelona,no especificado,,,,"javascript, react, aws",requerido,https://www.adzuna.es/details/5292652208?utm_medium=api&utm_source=4332c1fe
2026-07-01,2026-04-06,RepreX,Full Stack Developer,WEB,España,no especificado,,,,react,no especificado,https://www.adzuna.es/details/5691044719?utm_medium=api&utm_source=4332c1fe
2026-07-01,2026-06-30,GRUPO DATCON,Full-Stack Developer,WEB,Barcelona,no especificado,,,,no especificado,no especificado,https://www.adzuna.es/details/5782445896?utm_medium=api&utm_source=4332c1fe
2026-07-01,2026-06-29,SGS,.NET Full Stack Developer,WEB,Madrid,no especificado,,,,no especificado,no especificado,https://www.adzuna.es/details/5781277633?utm_medium=api&utm_source=4332c1fe
2026-07-01,2026-04-01,leadtech,MarTech Full Stack Developer,WEB,España,no especificado,,,,no especificado,no especificado,https://www.adzuna.es/details/5685606222?utm_medium=api&utm_source=4332c1fe
2026-07-01,2026-05-04,zentra,Junior Full Stack Developer,WEB,España,no especificado,,,,no especificado,no especificado,https://www.adzuna.es/details/5718414223?utm_medium=api&utm_source=4332c1fe
2026-07-01,2026-05-01,Actual Talent,Senior Full-Stack Developer,WEB,Barcelona,no especificado,,,,no especificado,no especificado,https://www.adzuna.es/details/5716162567?utm_medium=api&utm_source=4332c1fe
2026-07-01,2026-05-14,Kapturall,Full Stack Developer - LAMP,WEB,Madrid,no especificado,,,,no especificado,no especificado,https://www.adzuna.es/details/5728545613?utm_medium=api&utm_source=4332c1fe
2026-07-01,2026-05-13,InteractiveAI,Senior Full-Stack Developer,WEB,Madrid,no especificado,,,,no especificado,no especificado,https://www.adzuna.es/details/5727383404?utm_medium=api&utm_source=4332c1fe
2026-07-01,2026-06-10,Kodify,Senior Full-Stack Developer,WEB,España,no especificado,,,,no especificado,no especificado,https://www.adzuna.es/details/5758140847?utm_medium=api&utm_source=4332c1fe
2026-07-01,2026-05-11,SGS,.NET Full Stack Developer,WEB,"Paracuellos de Jarama, Madrid",no especificado,,,,no especificado,no especificado,https://www.adzuna.es/details/5725596093?utm_medium=api&utm_source=4332c1fe
2026-07-01,2026-04-20,EPTA,Senior Full Stack Developer,WEB,España,no especificado,,,,aws,no especificado,https://www.adzuna.es/details/5704804651?utm_medium=api&utm_source=4332c1fe
2026-07-01,2026-04-20,Brico Depôt,Backend / Full Stack Developer,WEB,"El Prat de Llobregat, Barcelona",hibrido,,,,no especificado,no especificado,https://www.adzuna.es/details/5704985456?utm_medium=api&utm_source=4332c1fe
2026-07-01,2025-08-06,SlashMobility,Senior Full Stack Developer,WEB,"Barcelona, Cataluña",no especificado,,,,no especificado,no especificado,https://www.adzuna.es/details/5339790164?utm_medium=api&utm_source=4332c1fe
2026-07-01,2024-07-30,Henneo,Full stack developer .NetAngular,WEB,"Zaragoza, Aragón",no especificado,,,,no especificado,no especificado,https://www.adzuna.es/details/4800595860?utm_medium=api&utm_source=4332c1fe
2026-07-01,2026-05-18,Brico Depôt,Backend / Full Stack Developer,WEB,"El Prat de Llobregat, Barcelona",hibrido,,,,no especificado,no especificado,https://www.adzuna.es/details/5732893231?utm_medium=api&utm_source=4332c1fe
2026-07-01,2026-06-30,GRUPO DATCON,Full-Stack Developer (Remoto),WEB,Valladolid,no especificado,,,,no especificado,no especificado,https://www.adzuna.es/details/5782442428?utm_medium=api&utm_source=4332c1fe
2026-07-01,2026-06-24,PSI CRO,Full-stack Developer (AI Solutions),WEB,Madrid,no especificado,,,,"react, python",no especificado,https://www.adzuna.es/details/5774447135?utm_medium=api&utm_source=4332c1fe
2026-07-01,2026-06-22,pubGENIUS,Full-Stack Developer (Backend-Focused),WEB,Madrid,no especificado,,,,"react, react, typescript, aws, typescript",no especificado,https://www.adzuna.es/details/5772452604?utm_medium=api&utm_source=4332c1fe
2026-07-01,2026-06-27,Ticket Merchant,Full-Stack Developer (React.Js ,WEB,Valladolid,remoto,,,,no especificado,no especificado,https://www.adzuna.es/details/5779364954?utm_medium=api&utm_source=4332c1fe
2026-07-01,2026-06-29,Ticket Merchant,Full-Stack Developer (React.Js ,WEB,"Chantada, Lugo",remoto,,,,no especificado,no especificado,https://www.adzuna.es/details/5781413313?utm_medium=api&utm_source=4332c1fe
2026-07-01,2026-06-29,Ticket Merchant,Full-Stack Developer (React.Js ,WEB,Valencia,remoto,,,,no especificado,no especificado,https://www.adzuna.es/details/5781414796?utm_medium=api&utm_source=4332c1fe
2026-07-01,2026-03-18,Daon Inc,Technical Consultant - Full Stack Developer,WEB,España,remoto,,,,no especificado,b2,https://www.adzuna.es/details/5671245519?utm_medium=api&utm_source=4332c1fe
2026-07-01,2026-06-06,Kyndryl,Full Stack Developer (AI Solutions),WEB,Madrid,no especificado,,,,no especificado,no especificado,https://www.adzuna.es/details/5754050600?utm_medium=api&utm_source=4332c1fe
2026-07-01,2026-05-02,DDB Spain,Frontend Developer,WEB,España,no especificado,,,,no especificado,no especificado,https://www.adzuna.es/details/5716640299?utm_medium=api&utm_source=4332c1fe
2026-07-01,2025-07-01,STANDBY Consultores,Frontend Developer,WEB,Barcelona,no especificado,,,,react,no especificado,https://www.adzuna.es/details/5278395061?utm_medium=api&utm_source=4332c1fe
2026-07-01,2026-04-14,Napptilus Tech Labs,FrontEnd Developer,WEB,Barcelona,no especificado,,,,no especificado,no especificado,https://www.adzuna.es/details/5699405415?utm_medium=api&utm_source=4332c1fe
2026-07-01,2024-10-06,SlashMobility,Frontend Developer,WEB,"Madrid, Comunidad de Madrid",no especificado,,,,no especificado,no especificado,https://www.adzuna.es/details/4891161961?utm_medium=api&utm_source=4332c1fe
2026-07-01,2026-06-30,SQLI,Senior Frontend Developer,WEB,Valencia,no especificado,,,,"react, react, typescript",no especificado,https://www.adzuna.es/details/5782345831?utm_medium=api&utm_source=4332c1fe
2026-07-01,2026-06-19,Winning,SR Frontend Developer,WEB,Madrid,no especificado,,,,no especificado,no especificado,https://www.adzuna.es/details/5769636258?utm_medium=api&utm_source=4332c1fe
2026-07-01,2026-05-12,Experis España,Senior Frontend Developer,WEB,Barcelona,no especificado,,,,no especificado,no especificado,https://www.adzuna.es/details/5727059750?utm_medium=api&utm_source=4332c1fe
2026-07-01,2024-07-30,Henneo,Frontend Developer - Angular,WEB,"Zaragoza, Aragón",no especificado,,,,no especificado,no especificado,https://www.adzuna.es/details/4800598659?utm_medium=api&utm_source=4332c1fe
2026-07-01,2026-06-20,Izertis,Frontend Developer (React),WEB,España,hibrido,,,,react,no especificado,https://www.adzuna.es/details/5770310276?utm_medium=api&utm_source=4332c1fe
2026-07-01,2026-06-22,Experis España,Senior Frontend Developer,WEB,Barcelona,no especificado,,,,no especificado,no especificado,https://www.adzuna.es/details/5772791506?utm_medium=api&utm_source=4332c1fe
2026-07-01,2026-04-20,Grupo NS,AI Frontend Developer (React),WEB,España,hibrido,,,,"react, typescript",no especificado,https://www.adzuna.es/details/5704985469?utm_medium=api&utm_source=4332c1fe
2026-07-01,2026-05-08,ADLANTER,FRONTEND DEVELOPER (E‑commerce),WEB,"Barcelona, Cataluña",no especificado,,,,no especificado,no especificado,https://www.adzuna.es/details/5722205784?utm_medium=api&utm_source=4332c1fe
2026-07-01,2025-12-22,eDreams ODIGEO,Frontend Developer – Convert (Hybrid),WEB,Barcelona,hibrido,,,,no especificado,no especificado,https://www.adzuna.es/details/5551980840?utm_medium=api&utm_source=4332c1fe
2026-07-01,2025-11-11,UDG Ludwigsburg,Lead Frontend Developer (all genders),WEB,España,no especificado,,,,no especificado,b2,https://www.adzuna.es/details/5490833844?utm_medium=api&utm_source=4332c1fe
2026-07-01,2026-06-01,eXperience IT Solutions,Frontend Developer React  TypeScript. Remoto,WEB,España,remoto,,,,"react, typescript",no especificado,https://www.adzuna.es/details/5747156543?utm_medium=api&utm_source=4332c1fe
2026-07-01,2026-01-24,UDG Ludwigsburg,Lead Frontend Developer (all genders),WEB,España,no especificado,,,,no especificado,b2,https://www.adzuna.es/details/5599440525?utm_medium=api&utm_source=4332c1fe
2026-07-01,2026-05-14,Papernest,Frontend developer Angular - Permanent - Barcelona,WEB,"Sant Adrià de Besòs, Barcelona",no especificado,,,,no especificado,no especificado,https://www.adzuna.es/details/5729565725?utm_medium=api&utm_source=4332c1fe
2026-07-01,2025-12-05,INNOCV Solutions S.L.U.,Senior Frontend Developer (React/Angular),WEB,Madrid,no especificado,,,,no especificado,nativo,https://www.adzuna.es/details/5529399496?utm_medium=api&utm_source=4332c1fe
2026-07-01,2026-06-24,DKB Code Factory,Senior Frontend Developer – Vue.js,WEB,España,no especificado,,,,no especificado,no especificado,https://www.adzuna.es/details/5774472385?utm_medium=api&utm_source=4332c1fe
2026-07-01,2026-05-11,Grupo Digital,Frontend Developer Microfrontends (Shell & Gluon) Híbrido,WEB,España,hibrido,,,,no especificado,no especificado,https://www.adzuna.es/details/5725596099?utm_medium=api&utm_source=4332c1fe
2026-07-01,2026-05-13,realizon,Frontend Developer (Angular) (m/f/d),WEB,Valencia,no especificado,,,,typescript,no especificado,https://www.adzuna.es/details/5727379851?utm_medium=api&utm_source=4332c1fe
2026-07-01,2026-01-19,Adaptive Financial Consulting,"Senior Frontend Developer (React, RxJS, Observables)",WEB,Barcelona,no especificado,,,,no especificado,no especificado,https://www.adzuna.es/details/5591389650?utm_medium=api&utm_source=4332c1fe
2026-07-01,2026-05-23,knowmad mood,Frontend Developer Senior (Vue 3  TypeScript),WEB,Madrid,no especificado,,,,no especificado,no especificado,https://www.adzuna.es/details/5738458184?utm_medium=api&utm_source=4332c1fe
2026-07-01,2025-10-18,Talent Connect,Frontend Developer (React  TypeScript) - España (100% Remoto),WEB,Madrid,remoto,,,,"react, typescript, react, typescript, react",nativo,https://www.adzuna.es/details/5453682915?utm_medium=api&utm_source=4332c1fe
2026-07-01,2026-06-29,Novolos Digital Spain S.L.,Frontend Developer (m/f/d) – Angular Specialist,WEB,Málaga,no especificado,,,,no especificado,no especificado,https://www.adzuna.es/details/5781089948?utm_medium=api&utm_source=4332c1fe
2026-07-01,2026-03-17,,Senior Frontend Developer (react) - StartUp Smart Cities,WEB,Barcelona,no especificado,50000.0,55000.0,,react,no especificado,https://www.adzuna.es/details/5669254338?utm_medium=api&utm_source=4332c1fe
2026-07-01,2026-06-08,Hero Gaming,Frontend TypeScript Developer,WEB,"Istán, Málaga",hibrido,,,,"typescript, typescript, react",no especificado,https://www.adzuna.es/details/5756578796?utm_medium=api&utm_source=4332c1fe
2026-07-01,2026-04-18,Air Apps,Frontend Web Developer,WEB,España,no especificado,47000.0,58000.0,,no especificado,no especificado,https://www.adzuna.es/details/5703007073?utm_medium=api&utm_source=4332c1fe
2026-07-01,2026-04-12,Envista Holdings Corporation,Senior Frontend Software Developer,WEB,España,no especificado,,,,spark,no especificado,https://www.adzuna.es/details/5697266783?utm_medium=api&utm_source=4332c1fe
2026-07-01,2026-06-18,Talan,Frontend Senior Developer (AI‑Native),WEB,Málaga,no especificado,,,,no especificado,nativo,https://www.adzuna.es/details/5767343254?utm_medium=api&utm_source=4332c1fe
2026-07-01,2026-06-27,Initiumsoft,Backend Developer,WEB,Madrid,remoto,,,,no especificado,no especificado,https://www.adzuna.es/details/5778732548?utm_medium=api&utm_source=4332c1fe
2026-07-01,2023-11-29,"Kapres Technology, S.L.",Backend developer,WEB,Madrid,no especificado,,,,no especificado,no especificado,https://www.adzuna.es/details/4456598953?utm_medium=api&utm_source=4332c1fe
2026-07-01,2025-10-31,Flowbox,Backend Developer,WEB,Barcelona,no especificado,,,,no especificado,no especificado,https://www.adzuna.es/details/5472388316?utm_medium=api&utm_source=4332c1fe
2026-07-01,2025-11-02,Napptilus Tech Labs,Backend Developer,WEB,Barcelona,no especificado,,,,no especificado,no especificado,https://www.adzuna.es/details/5476369127?utm_medium=api&utm_source=4332c1fe
2026-07-01,2025-04-20,Talent-R,Backend developer,WEB,España,no especificado,,,,no especificado,no especificado,https://www.adzuna.es/details/5154352106?utm_medium=api&utm_source=4332c1fe
2026-07-01,2026-05-29,El Corte Ingles,Backend developer,WEB,España,no especificado,,,,no especificado,requerido,https://www.adzuna.es/details/5743995697?utm_medium=api&utm_source=4332c1fe
2026-07-01,2026-06-20,sesametime,Backend developer,WEB,España,no especificado,,,,no especificado,no especificado,https://www.adzuna.es/details/5770310217?utm_medium=api&utm_source=4332c1fe
2026-07-01,2026-05-04,NEORIS,Backend Developer Java,WEB,España,no especificado,,,,no especificado,no especificado,https://www.adzuna.es/details/5718414429?utm_medium=api&utm_source=4332c1fe
2026-07-01,2026-04-20,Beside Talent,Java Backend Developer,WEB,"Elche/Elx, Alicante",no especificado,,,,no especificado,no especificado,https://www.adzuna.es/details/5704985470?utm_medium=api&utm_source=4332c1fe
2026-07-01,2026-04-16,Hitachi,.NET Backend Developer,WEB,España,remoto,,,,no especificado,no especificado,https://www.adzuna.es/details/5700673635?utm_medium=api&utm_source=4332c1fe
2026-07-01,2026-03-23,Holded,Senior Backend Developer,WEB,Barcelona,no especificado,,,,no especificado,no especificado,https://www.adzuna.es/details/5676327084?utm_medium=api&utm_source=4332c1fe
2026-07-01,2026-06-10,RDT,Backend Developer (Scala),WEB,"Sant Adrià de Besòs, Barcelona",no especificado,,,,no especificado,no especificado,https://www.adzuna.es/details/5758813593?utm_medium=api&utm_source=4332c1fe
2026-07-01,2026-06-30,SITEP SL - Sistemas de Información Territorial y ...,Senior Backend Developer,WEB,Barcelona,no especificado,,,,no especificado,no especificado,https://www.adzuna.es/details/5782444144?utm_medium=api&utm_source=4332c1fe
2026-07-01,2026-06-12,Sabina Divosi,Backend Developer | Fintech,WEB,Madrid,remoto,,,,"typescript, typescript",no especificado,https://www.adzuna.es/details/5761638583?utm_medium=api&utm_source=4332c1fe
2026-07-01,2026-06-22,Amphora Logistics,Backend Developer (Python),WEB,Barcelona,no especificado,,,,no especificado,no especificado,https://www.adzuna.es/details/5772850446?utm_medium=api&utm_source=4332c1fe
2026-07-01,2026-06-11,Tether Operations Limited,Senior Backend Developer,WEB,España,no especificado,,,,no especificado,no especificado,https://www.adzuna.es/details/5759624003?utm_medium=api&utm_source=4332c1fe
2026-07-01,2026-04-04,Garaje de Ideas,Drupal Backend Developer,WEB,España,no especificado,,,,no especificado,no especificado,https://www.adzuna.es/details/5689513939?utm_medium=api&utm_source=4332c1fe
2026-07-01,2026-02-09,Loyal Guru,Backend Developer GO,WEB,"Sant Adrià de Besòs, Barcelona",no especificado,,,,no especificado,no especificado,https://www.adzuna.es/details/5621685396?utm_medium=api&utm_source=4332c1fe
2026-07-01,2025-10-13,CAPITOLE CONSULTING,FULLREMOTE - Backend developer,WEB,Madrid,no especificado,,,,no especificado,no especificado,https://www.adzuna.es/details/5445588204?utm_medium=api&utm_source=4332c1fe
2026-07-01,2026-05-18,Genki,Mid-Level Backend Developer,WEB,España,remoto,60.0,60.0,,no especificado,no especificado,https://www.adzuna.es/details/5733039723?utm_medium=api&utm_source=4332c1fe
2026-07-01,2026-04-08,Expereo,Senior Backend Developer (Python),WEB,España,no especificado,65.0,75.0,,no especificado,no especificado,https://www.adzuna.es/details/5693286875?utm_medium=api&utm_source=4332c1fe
2026-07-01,2024-07-30,Acme Sa,Junior Java Backend Developer,WEB,"Soria, Castilla y León",no especificado,,,,no especificado,no especificado,https://www.adzuna.es/details/4800598333?utm_medium=api&utm_source=4332c1fe
2026-07-01,2024-07-30,Acme Sa,Senior Java Backend Developer,WEB,"Reus, Tarragona",no especificado,,,,no especificado,no especificado,https://www.adzuna.es/details/4800602370?utm_medium=api&utm_source=4332c1fe
2026-07-01,2024-07-30,Acme Sa,Senior Java Backend Developer,WEB,"Oviedo, Asturias",no especificado,,,,no especificado,no especificado,https://www.adzuna.es/details/4800600389?utm_medium=api&utm_source=4332c1fe
2026-07-01,2024-07-30,Acme Sa,Senior Java Backend Developer,WEB,"Palma de Mallorca, Islas Baleares",no especificado,,,,no especificado,no especificado,https://www.adzuna.es/details/4800601817?utm_medium=api&utm_source=4332c1fe
2026-07-01,2026-05-16,KION,Backend Developer Digital Twin,WEB,España,no especificado,,,,no especificado,no especificado,https://www.adzuna.es/details/5730826560?utm_medium=api&utm_source=4332c1fe
2026-07-01,2026-06-30,Health,Backend Developer (Digital Health),WEB,Barcelona,no especificado,,,,no especificado,no especificado,https://www.adzuna.es/details/5782444239?utm_medium=api&utm_source=4332c1fe
2026-07-01,2026-06-29,PayXpert,Senior Backend Developer - Php,WEB,"Arbo, Pontevedra",no especificado,,,,no especificado,no especificado,https://www.adzuna.es/details/5781409560?utm_medium=api&utm_source=4332c1fe
2026-07-01,2026-06-29,PayXpert,Senior Backend Developer - Php,WEB,Pontevedra,no especificado,,,,no especificado,no especificado,https://www.adzuna.es/details/5781413730?utm_medium=api&utm_source=4332c1fe
2026-07-01,2026-05-09,secture.com,Backend developer (remoto - España),WEB,Madrid,no especificado,,,,no especificado,no especificado,https://www.adzuna.es/details/5723591576?utm_medium=api&utm_source=4332c1fe
